-- =============================================================
--  ConMayo 테스트 데이터
--  실행 순서: schema.sql → data.sql
--  삽입 순서: venue → member → performance → seat
--             → performance_seat → booking → review
-- =============================================================

USE conmayo;

-- =============================================================
--  1. VENUE
-- =============================================================

INSERT INTO venue (venue_id, venue_name, address) VALUES
(1, 'KSPO DOME',   '서울특별시 송파구 올림픽로 424'),
(2, '고척스카이돔', '서울특별시 구로구 경인로 430'),
(3, '세종문화회관', '서울특별시 종로구 세종대로 175');


-- =============================================================
--  2. MEMBER
-- =============================================================

INSERT INTO member (member_id, passwd, member_name, phone, blacklist_until, member_role) VALUES
('user01', 'yjs1234!',  '강민지', '010-1111-1111', NULL,                   'USER'),
('user02', 'mrJung',    '박남규', '010-2222-2222', NULL,                   'USER'),
('user03', 'badguy',    '박명수', '010-3333-3333', '2026-06-01 00:00:00', 'USER'),  -- 블랙리스트 (현재 유효)
('user04', 'expired99', '이채빈', '010-4444-4444', '2026-01-01 00:00:00', 'USER'),  -- 블랙리스트 만료
('user05', 'hanapass',  '하나경', '010-5555-5555', NULL,                   'USER'),
('admin01', 'adminpw!', '최관리', '010-9999-0000', NULL,                   'ADMIN');


-- =============================================================
--  3. PERFORMANCE
-- =============================================================

INSERT INTO performance (performance_id, venue_id, title, category, start_time, running_time, sales_status, booking_open) VALUES
(1, 1, '엔하이픈 투어 BLOOD SAGA', 'K-POP',  '2026-06-01 19:00:00', 150, 'OPEN',        '2026-05-01 20:00:00'),
(2, 3, '위키드',                   '뮤지컬', '2026-07-25 14:00:00', 180, 'COMING_SOON', '2026-06-10 20:00:00');


-- =============================================================
--  4. SEAT
-- =============================================================

-- 1번 공연장 (KSPO DOME) — FLOOR F1(1~5), F2(6~10) / 1층 1A(11~13), 1B(14~16), 1C(17~19), 1D(20~22)
INSERT INTO seat (venue_id, section, row_num, col_num) VALUES
(1, 'F1', 1, 1), (1, 'F1', 1, 2), (1, 'F1', 1, 3), (1, 'F1', 1, 4), (1, 'F1', 1, 5),
(1, 'F2', 1, 1), (1, 'F2', 1, 2), (1, 'F2', 1, 3), (1, 'F2', 1, 4), (1, 'F2', 1, 5),
(1, '1A', 1, 1), (1, '1A', 1, 2), (1, '1A', 1, 3),
(1, '1B', 1, 1), (1, '1B', 1, 2), (1, '1B', 1, 3),
(1, '1C', 1, 1), (1, '1C', 1, 2), (1, '1C', 1, 3),
(1, '1D', 1, 1), (1, '1D', 1, 2), (1, '1D', 1, 3);

-- 3번 공연장 (세종문화회관) — VIP 1행(23~27), 2행(28~32)
INSERT INTO seat (venue_id, section, row_num, col_num) VALUES
(3, 'VIP', 1, 1), (3, 'VIP', 1, 2), (3, 'VIP', 1, 3), (3, 'VIP', 1, 4), (3, 'VIP', 1, 5),
(3, 'VIP', 2, 1), (3, 'VIP', 2, 2), (3, 'VIP', 2, 3), (3, 'VIP', 2, 4), (3, 'VIP', 2, 5);


-- =============================================================
--  5. PERFORMANCE_SEAT
--  공연1 FLOOR(ps_id 1~10): 220,000원
--  공연1 1층(ps_id 11~22) : 165,000원
--  공연2 VIP(ps_id 23~32) : 150,000원
-- =============================================================

INSERT INTO performance_seat (performance_seat_id, performance_id, seat_id, price) VALUES
( 1, 1,  1, 220000), ( 2, 1,  2, 220000), ( 3, 1,  3, 220000),
( 4, 1,  4, 220000), ( 5, 1,  5, 220000), ( 6, 1,  6, 220000),
( 7, 1,  7, 220000), ( 8, 1,  8, 220000), ( 9, 1,  9, 220000),
(10, 1, 10, 220000),
(11, 1, 11, 165000), (12, 1, 12, 165000), (13, 1, 13, 165000),
(14, 1, 14, 165000), (15, 1, 15, 165000), (16, 1, 16, 165000),
(17, 1, 17, 165000), (18, 1, 18, 165000), (19, 1, 19, 165000),
(20, 1, 20, 165000), (21, 1, 21, 165000), (22, 1, 22, 165000),
(23, 2, 23, 150000), (24, 2, 24, 150000), (25, 2, 25, 150000),
(26, 2, 26, 150000), (27, 2, 27, 150000),
(28, 2, 28, 150000), (29, 2, 29, 150000), (30, 2, 30, 150000),
(31, 2, 31, 150000), (32, 2, 32, 150000);


-- =============================================================
--  6. BOOKING
--  booking_id 1~10  : 예매 기본 흐름
--  booking_id 11~16 : review 테스트용
--  booking_id 21~27 : cancellation 수수료 테스트용
-- =============================================================

-- 기본 흐름: HOLD → BOOKED
INSERT INTO booking (booking_id, member_id, performance_seat_id, booking_status, booked_at, payment) VALUES
(1, 'user01', 1, 'HOLD', '2026-05-22 10:13:00', 220000),
(2, 'user02', 2, 'HOLD', '2026-05-22 10:30:00', 220000);

UPDATE booking SET booking_status = 'BOOKED', booked_at = '2026-05-22 10:15:30' WHERE booking_id = 1;
UPDATE booking SET booking_status = 'BOOKED', booked_at = '2026-05-22 10:32:00' WHERE booking_id = 2;

-- 취소 후 재예매
UPDATE booking SET booking_status = 'CANCELED' WHERE booking_id = 1;

INSERT INTO booking (booking_id, member_id, performance_seat_id, booking_status, booked_at, payment) VALUES
(3, 'user02', 1, 'HOLD', '2026-05-22 10:42:00', 220000);
UPDATE booking SET booking_status = 'BOOKED', booked_at = '2026-05-22 10:44:00' WHERE booking_id = 3;

-- review 테스트용
INSERT INTO booking (booking_id, member_id, performance_seat_id, booking_status, booked_at, payment) VALUES
(11, 'user01', 7,  'BOOKED',   '2026-05-10 10:05:00', 220000),  -- 정상 예매
(12, 'user01', 8,  'CANCELED', '2026-05-10 10:10:00', 220000),  -- 취소된 예매
(13, 'user02', 9,  'BOOKED',   '2026-05-10 10:15:00', 220000),  -- 정상 예매
(14, 'user02', 10, 'HOLD',     '2026-05-10 10:20:00', NULL),    -- 결제 미완료
(15, 'user03', 11, 'BOOKED',   '2026-05-10 10:25:00', 165000),  -- 블랙리스트 회원
(16, 'user01', 12, 'BOOKED',   '2026-05-10 10:30:00', 165000);  -- 공연 전 리뷰 버그 확인용

-- cancellation 수수료 테스트용 (공연: 2026-06-01 19:00:00)
INSERT INTO booking (booking_id, member_id, performance_seat_id, booking_status, booked_at, payment) VALUES
(21, 'user01', 13, 'BOOKED', '2026-05-05 10:13:00', 165000),  -- 취소일 5/6  → 예매 후 7일 이내  → 수수료 없음
(22, 'user01', 14, 'BOOKED', '2026-05-05 10:30:00', 165000),  -- 취소일 5/20 → 8일~관람 10일전  → 7%
(23, 'user01', 15, 'BOOKED', '2026-05-22 10:30:00', 165000),  -- 취소일 5/24 → 관람 7~9일전     → 10%
(24, 'user01', 16, 'BOOKED', '2026-05-22 10:30:00', 165000),  -- 취소일 5/27 → 관람 3~6일전     → 20%
(25, 'user01', 17, 'BOOKED', '2026-05-22 10:30:00', 165000),  -- 취소일 5/31 → 관람 1~2일전     → 30%
(26, 'user01', 18, 'BOOKED', '2026-05-22 10:30:00', 165000),  -- 취소일 6/1  → 당일             → 70%
(27, 'user01', 19, 'BOOKED', '2026-05-22 10:30:00', 165000);  -- 취소일 6/3  → 관람 이후        → 취소 불가


-- =============================================================
--  7. REVIEW
-- =============================================================

INSERT INTO review (booking_id, seat_rating, written_at, content) VALUES
(11, 5, '2026-06-02 12:00:00', 'F2석 시야 완벽합니다. 무대가 정말 잘 보였어요!'),
(13, 4, '2026-06-02 13:00:00', '1A구역도 충분히 잘 보였어요. 가성비 최고!');


-- =============================================================
--  8. CANCELLATION
--  booking_id=1  : 취소 후 재예매된 건 (수수료 없음, 전액 환불)
--  booking_id=12 : 단순 취소 완료 건 (수수료 없음, 전액 환불)
-- =============================================================

INSERT INTO cancellation (booking_id, refund_amount, cancellation_fee, canceled_at, cancel_status) VALUES
(1,  220000, 0, '2026-05-22 10:40:00', 'REFUNDED'),
(12, 220000, 0, '2026-05-10 10:50:00', 'REFUNDED');
